wavelength_nm,irradiance_W_m2_nm
250.5,0.0601
251.5,0.046009999999999995
252.5,0.04155
253.5,0.05155
254.5,0.05957
255.5,0.0793
256.5,0.1018
257.5,0.1254
258.5,0.1251
259.5,0.104
260.5,0.08551
261.5,0.08979999999999999
262.5,0.1036
263.5,0.1658
264.5,0.24969999999999998
265.5,0.2527
266.5,0.2494
267.5,0.2508
268.5,0.24380000000000002
269.5,0.2389
270.5,0.26730000000000004
271.5,0.22440000000000002
272.5,0.1974
273.5,0.1965
274.5,0.1326
275.5,0.1751
276.5,0.24280000000000002
277.5,0.2338
278.5,0.15930000000000002
279.5,0.08555
280.5,0.09462999999999999
281.5,0.2083
282.5,0.29410000000000003
283.5,0.3135
284.5,0.2353
285.5,0.1631
286.5,0.3227
287.5,0.3363
288.5,0.3222
289.5,0.4727
290.5,0.6013
291.5,0.5808
292.5,0.5219
293.5,0.5355
294.5,0.5088
295.5,0.5532
296.5,0.5096
297.5,0.5073
298.5,0.4655
299.5,0.484
300.5,0.42
301.5,0.4555
302.5,0.489
303.5,0.6206
304.5,0.6025
305.5,0.5948
306.5,0.5557000000000001
307.5,0.615
308.5,0.6113999999999999
309.5,0.4965
310.5,0.6224
311.5,0.7292000000000001
312.5,0.6558999999999999
313.5,0.6999
314.5,0.6628999999999999
315.5,0.633
316.5,0.6332000000000001
317.5,0.7739
318.5,0.6648999999999999
319.5,0.7105
320.5,0.8051
321.5,0.6995
322.5,0.6886
323.5,0.6613
324.5,0.7607999999999999
325.5,0.8757999999999999
326.5,0.9795
327.5,0.9527
328.5,0.9176
329.5,1.061
330.5,1.016
331.5,0.9657
332.5,0.9549
333.5,0.9216
334.5,0.9589
335.5,0.9434
336.5,0.8095
337.5,0.8418
338.5,0.9215
339.5,0.9581000000000001
340.5,1.007
341.5,0.9238
342.5,0.993
343.5,0.9506
344.5,0.7957000000000001
345.5,0.9392
346.5,0.9264
347.5,0.9017000000000001
348.5,0.8972
349.5,0.8897999999999999
350.5,1.05
351.5,0.9795
352.5,0.9078999999999999
353.5,1.033
354.5,1.111
355.5,1.045
356.5,0.9123
357.5,0.796
358.5,0.6936
359.5,0.9911
360.5,0.9708
361.5,0.8781
362.5,0.9977999999999999
363.5,0.9969
364.5,1.013
365.5,1.152
366.5,1.233
367.5,1.18
368.5,1.101
369.5,1.226
370.5,1.139
371.5,1.175
372.5,1.054
373.5,0.9202
374.5,0.9004
375.5,1.062
376.5,1.085
377.5,1.282
378.5,1.327
379.5,1.066
380.5,1.202
381.5,1.082
382.5,0.7913
383.5,0.6841
384.5,0.9597
385.5,1.008
386.5,1.007
387.5,1.004
388.5,0.9843
389.5,1.174
390.5,1.247
391.5,1.342
392.5,1.019
393.5,0.5822999999999999
394.5,1.026
395.5,1.314
396.5,0.8545
397.5,0.9288
398.5,1.522
399.5,1.663
400.5,1.682
401.5,1.746
402.5,1.759
403.5,1.684
404.5,1.674
405.5,1.667
406.5,1.589
407.5,1.628
408.5,1.735
409.5,1.715
410.5,1.532
411.5,1.817
412.5,1.789
413.5,1.756
414.5,1.737
415.5,1.734
416.5,1.842
417.5,1.665
418.5,1.684
419.5,1.701
420.5,1.757
421.5,1.797
422.5,1.582
423.5,1.711
424.5,1.767
425.5,1.695
426.5,1.698
427.5,1.569
428.5,1.587
429.5,1.475
430.5,1.135
431.5,1.686
432.5,1.646
433.5,1.731
434.5,1.67
435.5,1.723
436.5,1.929
437.5,1.806
438.5,1.567
439.5,1.825
440.5,1.713
441.5,1.931
442.5,1.98
443.5,1.909
444.5,1.973
445.5,1.821
446.5,1.891
447.5,2.077
448.5,1.973
449.5,2.027
450.5,2.144
451.5,2.109
452.5,1.941
453.5,1.97
454.5,1.979
455.5,2.034
456.5,2.077
457.5,2.1
458.5,1.971
459.5,2.009
460.5,2.04
461.5,2.055
462.5,2.104
463.5,2.04
464.5,1.976
465.5,2.042
466.5,1.921
467.5,2.015
468.5,1.994
469.5,1.99
470.5,1.877
471.5,2.018
472.5,2.041
473.5,1.991
474.5,2.051
475.5,2.016
476.5,1.956
477.5,2.075
478.5,2.009
479.5,2.076
480.5,2.035
481.5,2.09
482.5,2.023
483.5,2.019
484.5,1.969
485.5,1.83
486.5,1.625
487.5,1.83
488.5,1.914
489.5,1.96
490.5,2.007
491.5,1.896
492.5,1.896
493.5,1.888
494.5,2.058
495.5,1.926
496.5,2.017
497.5,2.018
498.5,1.866
499.5,1.97
500.49999999999994,1.857
501.49999999999994,1.812
502.49999999999994,1.894
503.49999999999994,1.934
504.49999999999994,1.869
505.49999999999994,1.993
506.49999999999994,1.961
507.49999999999994,1.906
508.49999999999994,1.919
509.49999999999994,1.916
510.49999999999994,1.947
511.49999999999994,1.997
512.5,1.867
513.5,1.861
514.5,1.874
515.5,1.9
516.5,1.669
517.5,1.726
518.5,1.654
519.5,1.828
520.5,1.831
521.5,1.906
522.5,1.823
523.5,1.894
524.5,1.958
525.5,1.93
526.5,1.674
527.5,1.828
528.5,1.897
529.5,1.918
530.5,1.952
531.5,1.963
532.5,1.77
533.5,1.923
534.5,1.858
535.5,1.99
536.5,1.871
537.5,1.882
538.5,1.904
539.5,1.832
540.5,1.769
541.5,1.881
542.5,1.825
543.5,1.879
544.5,1.879
545.5,1.901
546.5,1.879
547.5,1.833
548.5,1.863
549.5,1.895
550.5,1.862
551.5,1.871
552.5,1.846
553.5,1.882
554.5,1.898
555.5,1.897
556.5,1.821
557.5,1.846
558.5,1.787
559.5,1.808
560.5,1.843
561.5,1.824
562.5,1.85
563.5,1.861
564.5,1.854
565.5,1.798
566.5,1.829
567.5,1.887
568.5,1.81
569.5,1.86
570.5,1.769
571.5,1.823
572.5,1.892
573.5,1.876
574.5,1.867
575.5,1.83
576.5,1.846
577.5,1.857
578.5,1.783
579.5,1.828
580.5,1.838
581.5,1.853
582.5,1.873
583.5,1.857
584.5,1.86
585.5,1.783
586.5,1.83
587.5,1.848
588.5,1.75
589.5,1.612
590.5,1.813
591.5,1.787
592.5,1.808
593.5,1.796
594.5,1.773
595.5,1.782
596.5,1.805
597.5,1.78
598.5,1.757
599.5,1.774
600.5,1.746
601.5,1.751
602.5,1.719
603.5,1.787
604.5,1.776
605.5,1.763
606.5,1.759
607.5,1.757
608.5,1.743
609.5,1.744
610.5,1.703
611.5,1.746
612.5,1.705
613.5,1.683
614.5,1.713
615.5,1.713
616.5,1.609
617.5,1.707
618.5,1.724
619.5,1.707
620.5,1.734
621.5,1.69
622.5,1.713
623.5,1.666
624.5,1.656
625.5,1.632
626.5,1.697
627.5,1.697
628.5,1.697
629.5,1.677
631.0,1.639
633.0,1.651
635.0,1.656
637.0,1.654
639.0,1.651
641.0,1.614
643.0,1.621
645.0,1.627
647.0,1.603
649.0,1.558
651.0,1.606
653.0,1.599
655.0,1.532
657.0,1.384
659.0,1.549
661.0,1.571
663.0,1.555
665.0,1.56
667.0,1.535
669.0,1.546
671.0,1.516
673.0,1.521
675.0,1.51
677.0,1.508
679.0,1.498
681.0,1.492
683.0,1.479
685.0,1.455
687.0,1.467
689.0,1.461
691.0,1.448
693.0,1.448
695.0,1.436
697.0,1.416
699.0,1.425
701.0,1.386
703.0,1.388
705.0,1.415
707.0,1.4
709.0,1.384
711.0,1.385
713.0,1.373
715.0,1.366
717.0,1.354
719.0,1.328
721.0,1.331
723.0,1.348
725.0,1.35
727.0,1.346
729.0,1.319
731.0,1.326
733.0,1.318
735.0,1.309
737.0,1.307
739.0,1.278
741.0,1.258
743.0,1.286
745.0,1.279
747.0,1.283
749.0,1.27
751.0,1.262
753.0,1.259
755.0,1.255
757.0,1.248
759.0,1.24
761.0,1.237
763.0,1.241
765.0,1.221
767.0,1.185
769.0,1.203
771.0,1.204
773.0,1.208
775.0,1.188
777.0,1.196
779.0,1.187
781.0,1.187
783.0,1.176
785.0,1.18
787.0,1.177
789.0,1.174
791.0,1.158
793.0,1.143
795.0,1.134
797.0,1.152
799.0,1.135
801.0,1.142
803.0,1.129
805.0,1.115
807.0,1.12
809.0,1.095
811.0,1.114
813.0,1.115
815.0,1.107
817.0,1.104
819.0,1.063
821.0,1.08
823.0,1.073
825.0,1.075
826.0,1.08
828.0,1.081
830.0,1.063
832.0,1.051
834.0,1.041
836.0,1.052
838.0,1.044
840.0,1.04
842.0,1.036
844.0,1.024
846.0,1.028
848.0,1.023
850.0,0.966
852.0,0.9961
854.0,0.878
856.0,0.9755
858.0,1.005
860.0,0.9969
862.0,0.9949
864.0,0.9993
866.0,0.8862000000000001
868.0,0.9395
870.0,0.9747
872.0,0.9833
874.0,0.9712999999999999
876.0,0.964
878.0,0.9749
880.0,0.9554
882.0,0.9511000000000001
884.0,0.9579
886.0,0.9382999999999999
888.0,0.9442999999999999
890.0,0.953
892.0,0.9394
894.0,0.9332
896.0,0.9387000000000001
898.0,0.9339
900.0,0.9158
902.0,0.8916000000000001
904.0,0.9285
906.0,0.9176
908.0,0.9025
910.0,0.8916000000000001
912.0,0.8967
914.0,0.9071
916.0,0.9004
918.0,0.8951
920.0,0.8907999999999999
922.0,0.863
924.0,0.8585
926.0,0.8612000000000001
928.0,0.8769
930.0,0.8677
932.0,0.8651
934.0,0.8641
936.0,0.8547
938.0,0.858
940.0,0.8438
942.0,0.825
944.0,0.8324
946.0,0.8375
948.0,0.8407
950.0,0.8369
952.0,0.8317
954.0,0.808
956.0,0.8082
958.0,0.8188
960.0,0.8151
962.0,0.8089
964.0,0.8012999999999999
966.0,0.7947000000000001
968.0,0.7968999999999999
970.0,0.7958999999999999
972.0,0.7936
974.0,0.7815
976.0,0.7825
978.0,0.7778999999999999
980.0,0.7746000000000001
982.0,0.7764
984.0,0.7697999999999999
986.0,0.7661
988.0,0.7615
990.0,0.7541
992.0,0.7567
994.0,0.7556
996.0,0.7525
998.0,0.751
1000.0,0.7479
1002.0,0.7469
1004.0,0.7261
1006.0,0.7136
1008.0,0.7335
1010.0,0.7313
1012.0,0.7262000000000001
1014.0,0.721
1016.0,0.7139
1018.0,0.7107
1020.0,0.7041000000000001
1022.0,0.7021000000000001
1024.0,0.7054
1026.0,0.7027
1028.0,0.6989
1030.0,0.6937000000000001
1032.0,0.6905
1034.0,0.6817000000000001
1036.0,0.684
1038.0,0.6772
1040.0,0.6761
1042.0,0.6746
1044.0,0.6714
1046.0,0.66
1048.0,0.6644
1050.0,0.6622
1052.0,0.6586000000000001
1054.0,0.6548999999999999
1056.0,0.6557000000000001
1058.0,0.6451
1060.0,0.6415
1062.0,0.6437999999999999
1064.0,0.6459
1066.0,0.6395
1068.0,0.6317
1070.0,0.6241
1072.0,0.6326
1074.0,0.6276
1076.0,0.628
1078.0,0.6272000000000001
1080.0,0.6247
1082.0,0.6099
1084.0,0.618
1086.0,0.6207999999999999
1088.0,0.6103
1090.0,0.6199
1092.0,0.6159
1094.0,0.5849
1096.0,0.5982999999999999
1098.0,0.5961000000000001
1100.0,0.6042000000000001
1102.0,0.5932000000000001
1104.0,0.5973999999999999
1106.0,0.5945
1108.0,0.5916
1110.0,0.5906
1112.0,0.5842999999999999
1114.0,0.5844
1116.0,0.5831000000000001
1118.0,0.5815
1120.0,0.5741
1122.0,0.5796
1124.0,0.5769
1126.0,0.5655
1128.0,0.57
1130.0,0.5652999999999999
1132.0,0.5678
1134.0,0.5638
1136.0,0.5658
1138.0,0.5569
1140.0,0.553
1142.0,0.5531
1144.0,0.5514
1146.0,0.5548
1148.0,0.5525
1150.0,0.5488999999999999
1152.0,0.5458
1154.0,0.5478999999999999
1156.0,0.5455
1158.0,0.5435
1160.0,0.532
1162.0,0.5325
1164.0,0.5332
1166.0,0.5303
1168.0,0.5312
1170.0,0.5276000000000001
1172.0,0.5315
1174.0,0.5273
1176.0,0.5184
1178.0,0.519
1180.0,0.5239
1182.0,0.5159
1184.0,0.5103
1186.0,0.5187
1188.0,0.5075
1190.0,0.5085
1192.0,0.5161
1194.0,0.5145
1196.0,0.5084
1198.0,0.4943
1200.0,0.5003
1202.0,0.5068
1204.0,0.4948
1206.0,0.5039
1208.0,0.489
1210.0,0.48819999999999997
1212.0,0.4933
1214.0,0.4942
1216.0,0.493
1218.0,0.48969999999999997
1220.0,0.4875
1222.0,0.4854
1224.0,0.48460000000000003
1226.0,0.48169999999999996
1228.0,0.4771
1230.0,0.4792
1232.0,0.475
1234.0,0.4729
1236.0,0.4719
1238.0,0.4703
1240.0,0.4653
1242.0,0.4642
1244.0,0.4619
1246.0,0.4635
1248.0,0.4633
1250.0,0.4624
1252.0,0.4571
1254.0,0.4574
1256.0,0.4551
1258.0,0.45330000000000004
1260.0,0.453
1262.0,0.4497
1264.0,0.44780000000000003
1266.0,0.4467
1268.0,0.4417
1270.0,0.44530000000000003
1272.0,0.4452
1274.0,0.44310000000000005
1276.0,0.4451
1278.0,0.444
1280.0,0.43560000000000004
1282.0,0.4014
1284.0,0.4259
1286.0,0.4328
1288.0,0.43139999999999995
1290.0,0.4255
1292.0,0.4254
1294.0,0.4223
1296.0,0.4224
1298.0,0.4184
1300.0,0.4186
1302.0,0.4139
1304.0,0.4111
1306.0,0.4136
1308.0,0.4123
1310.0,0.4106
1312.0,0.4033
1314.0,0.4022
1316.0,0.3979
1318.0,0.4017
1320.0,0.4016
1322.0,0.3986
1324.0,0.3981
1326.0,0.3949
1328.0,0.39080000000000004
1330.0,0.38780000000000003
1332.0,0.38630000000000003
1334.0,0.3892
1336.0,0.3866
1338.0,0.3832
1340.0,0.379
1342.0,0.3805
1344.0,0.3798
1346.0,0.3772
1348.0,0.37660000000000005
1350.0,0.37239999999999995
1352.0,0.3742
1354.0,0.3722
1356.0,0.3675
1358.0,0.3688
1360.0,0.3673
1362.0,0.36769999999999997
1364.0,0.36569999999999997
1366.0,0.36569999999999997
1368.0,0.3628
1370.0,0.3599
1372.0,0.36210000000000003
1374.0,0.36110000000000003
1376.0,0.3561
1378.0,0.358
1380.0,0.3579
1382.0,0.3545
1384.0,0.3547
1386.0,0.3532
1388.0,0.353
1390.0,0.3506
1392.0,0.3513
1394.0,0.3488
1396.0,0.3487
1398.0,0.3492
1400.0,0.3427
1402.0,0.3439
1404.0,0.3428
1406.0,0.3431
1408.0,0.3427
1410.0,0.3418
1412.0,0.3348
1414.0,0.3377
1416.0,0.3385
1418.0,0.3386
1420.0,0.3357
1422.0,0.3315
1424.0,0.3311
1426.0,0.3281
1428.0,0.3285
1430.0,0.3257
1432.0,0.33
1434.0,0.32839999999999997
1436.0,0.3285
1438.0,0.32830000000000004
1440.0,0.31880000000000003
1442.0,0.31860000000000005
1444.0,0.3197
1446.0,0.3216
1448.0,0.3216
1450.0,0.3187
1452.0,0.31539999999999996
1454.0,0.3143
1456.0,0.31310000000000004
1458.0,0.3167
1460.0,0.31560000000000005
1462.0,0.31210000000000004
1464.0,0.3105
1466.0,0.3108
1468.0,0.31139999999999995
1470.0,0.3102
1472.0,0.3073
1474.0,0.3034
1476.0,0.3048
1478.0,0.3044
1480.0,0.3068
1482.0,0.3044
1484.0,0.3039
1486.0,0.3033
1488.0,0.2855
1490.0,0.3015
1492.0,0.3018
1494.0,0.3033
1496.0,0.29719999999999996
1498.0,0.2994
1500.0,0.30110000000000003
1502.0,0.2924
1504.0,0.2799
1506.0,0.2848
1508.0,0.2919
1510.0,0.29469999999999996
1512.0,0.2913
1514.0,0.2883
1516.0,0.2882
1518.0,0.2884
1520.0,0.2866
1522.0,0.2824
1524.0,0.2835
1526.0,0.2846
1528.0,0.2846
1530.0,0.2765
1532.0,0.2823
1534.0,0.2784
1536.0,0.2806
1538.0,0.2773
1540.0,0.273
1542.0,0.2753
1544.0,0.2778
1546.0,0.2772
1548.0,0.2711
1550.0,0.2713
1552.0,0.2731
1554.0,0.2676
1556.0,0.2671
1558.0,0.2689
1560.0,0.26830000000000004
1562.0,0.2697
1564.0,0.26689999999999997
1566.0,0.26539999999999997
1568.0,0.26330000000000003
1570.0,0.2645
1572.0,0.26730000000000004
1574.0,0.261
1576.0,0.2536
1578.0,0.2547
1580.0,0.265
1582.0,0.259
1584.0,0.2591
1586.0,0.25989999999999996
1588.0,0.249
1590.0,0.2405
1592.0,0.2526
1594.0,0.25830000000000003
1596.0,0.2506
1598.0,0.2545
1600.0,0.2512
1602.0,0.2489
1604.0,0.24969999999999998
1606.0,0.24769999999999998
1608.0,0.2491
1610.0,0.24
1612.0,0.243
1614.0,0.2449
1616.0,0.2374
1618.0,0.24230000000000002
1620.0,0.2369
1622.0,0.2383
1624.0,0.24159999999999998
1626.0,0.2402
1628.0,0.24180000000000001
1630.0,0.2393
1632.0,0.2387
1634.0,0.2359
1636.0,0.2357
1638.0,0.22740000000000002
1640.0,0.22619999999999998
1642.0,0.2266
1644.0,0.2278
1646.0,0.2294
1648.0,0.2292
1650.0,0.22719999999999999
1652.0,0.2268
1654.0,0.22619999999999998
1656.0,0.226
1658.0,0.22519999999999998
1660.0,0.2245
1662.0,0.2246
1664.0,0.22269999999999998
1666.0,0.22119999999999998
1668.0,0.21930000000000002
1670.0,0.2225
1672.0,0.21730000000000002
1674.0,0.21930000000000002
1676.0,0.2161
1678.0,0.21680000000000002
1680.0,0.208
1682.0,0.2054
1684.0,0.2129
1686.0,0.21309999999999998
1688.0,0.212
1690.0,0.2105
1692.0,0.21230000000000002
1694.0,0.2112
1696.0,0.21
1698.0,0.2089
1700.0,0.2063
1702.0,0.2047
1704.0,0.2052
1706.0,0.205
1708.0,0.2017
1710.0,0.2013
1712.0,0.1982
1714.0,0.2037
1716.0,0.2022
1718.0,0.201
1720.0,0.1993
1722.0,0.1975
1724.0,0.19540000000000002
1726.0,0.1982
1728.0,0.1971
1730.0,0.1984
1732.0,0.1936
1734.0,0.1874
1736.0,0.1827
1738.0,0.18630000000000002
1740.0,0.1905
1742.0,0.19019999999999998
1744.0,0.19069999999999998
1746.0,0.18669999999999998
1748.0,0.18719999999999998
1750.0,0.18580000000000002
1752.0,0.185
1754.0,0.1856
1756.0,0.1849
1758.0,0.18430000000000002
1760.0,0.18309999999999998
1762.0,0.17930000000000001
1764.0,0.1807
1766.0,0.1817
1768.0,0.1802
1770.0,0.17909999999999998
1772.0,0.1794
1774.0,0.1792
1776.0,0.1763
1778.0,0.1747
1780.0,0.1756
1782.0,0.1747
1784.0,0.1735
1786.0,0.1739
1788.0,0.1747
1790.0,0.1733
1792.0,0.1721
1794.0,0.1709
1796.0,0.1706
1798.0,0.1703
1800.0,0.1699
1802.0,0.1672
1804.0,0.1688
1806.0,0.1688
1808.0,0.1685
1810.0,0.1686
1812.0,0.1675
1814.0,0.1658
1816.0,0.1605
1818.0,0.152
1820.0,0.1596
1822.0,0.1598
1824.0,0.16240000000000002
1826.0,0.1628
1828.0,0.1611
1830.0,0.1606
1832.0,0.15930000000000002
1834.0,0.1585
1836.0,0.1581
1838.0,0.15619999999999998
1840.0,0.15619999999999998
1842.0,0.154
1844.0,0.1541
1846.0,0.1535
1848.0,0.151
1850.0,0.1546
1852.0,0.1534
1854.0,0.1525
1856.0,0.1509
1858.0,0.1525
1860.0,0.15030000000000002
1862.0,0.1504
1864.0,0.1509
1866.0,0.1494
1868.0,0.1492
1870.0,0.15080000000000002
1872.0,0.14730000000000001
1874.0,0.1401
1876.0,0.12990000000000002
1878.0,0.1441
1880.0,0.1462
1882.0,0.1474
1884.0,0.1464
1886.0,0.1439
1888.0,0.1453
1890.0,0.1424
1892.0,0.1408
1894.0,0.1396
1896.0,0.1373
1898.0,0.139
1900.0,0.1397
1902.0,0.1409
1904.0,0.1386
1906.0,0.139
1908.0,0.1377
1910.0,0.1378
1912.0,0.1354
1914.0,0.137
1916.0,0.136
1918.0,0.1353
1920.0,0.1333
1922.0,0.135
1924.0,0.1341
1926.0,0.13440000000000002
1928.0,0.13219999999999998
1930.0,0.1313
1932.0,0.1308
1934.0,0.132
1936.0,0.1328
1938.0,0.1321
1940.0,0.12990000000000002
1942.0,0.12940000000000002
1944.0,0.12029999999999999
1946.0,0.1192
1948.0,0.1271
1950.0,0.1261
1952.0,0.1255
1954.0,0.1286
1956.0,0.1276
1958.0,0.1271
1960.0,0.1261
1962.0,0.124
1964.0,0.1222
1966.0,0.1231
1968.0,0.124
1970.0,0.12390000000000001
1972.0,0.12129999999999999
1974.0,0.12079999999999999
1976.0,0.12240000000000001
1978.0,0.1194
1980.0,0.1196
1982.0,0.1205
1984.0,0.1197
1986.0,0.1178
1988.0,0.1195
1990.0,0.1198
1992.0,0.118
1994.0,0.1162
1996.0,0.1173
1998.0,0.1159
2000.0,0.117
2001.9999999999998,0.1161
2004.0,0.1148
2005.9999999999998,0.1147
2008.0,0.1154
2009.9999999999998,0.1149
2012.0,0.1145
2013.9999999999998,0.1138
2016.0,0.11370000000000001
2017.9999999999998,0.1134
2020.0,0.11159999999999999
2021.9999999999998,0.1107
2024.0,0.11159999999999999
2025.9999999999998,0.1115
2028.0,0.1107
2029.9999999999998,0.10859999999999999
2032.0,0.1098
2033.9999999999998,0.1092
2036.0,0.1083
2037.9999999999998,0.10640000000000001
2040.0,0.10779999999999999
2041.9999999999998,0.1076
2044.0,0.1076
2045.9999999999998,0.1071
2048.0,0.10629999999999999
2050.0,0.10590000000000001
2052.0,0.1047
2054.0,0.1046
2056.0,0.1046
2058.0,0.104
2060.0,0.1028
2062.0,0.1023
2064.0,0.1005
2066.0,0.1025
2068.0,0.1019
2070.0,0.1003
2072.0,0.1004
2074.0,0.1009
2076.0,0.1006
2078.0,0.1
2080.0,0.09878
2082.0,0.09864
2084.0,0.09772
2086.0,0.09852
2088.0,0.09834999999999999
2090.0,0.09788
2092.0,0.09567
2094.0,0.09593
2096.0,0.0958
2098.0,0.09620000000000001
2100.0,0.09606
2102.0,0.09577
2104.0,0.09559000000000001
2106.0,0.09573999999999999
2108.0,0.09512999999999999
2110.0,0.09395999999999999
2112.0,0.09451999999999999
2114.0,0.09436
2116.0,0.09331
2118.0,0.09311
2120.0,0.09275
2122.0,0.09275
2124.0,0.09189
2126.0,0.09208
2128.0,0.09225
2130.0,0.09209
2132.0,0.09209999999999999
2134.0,0.09154999999999999
2136.0,0.09012
2138.0,0.0911
2140.0,0.09083
2142.0,0.09064
2144.0,0.09006
2146.0,0.08939
2148.0,0.08979000000000001
2150.0,0.08957
2152.0,0.08913
2154.0,0.08878
2156.0,0.08874
2158.0,0.08842
2160.0,0.08781
2162.0,0.08685999999999999
2164.0,0.08456
2166.0,0.07848999999999999
2168.0,0.083
2170.0,0.08557
2172.0,0.08591
2174.0,0.08592
2176.0,0.08532
2178.0,0.08425
2180.0,0.08497
2182.0,0.08425
2184.0,0.08456999999999999
2186.0,0.08465
2188.0,0.08277
2190.0,0.08304
2192.0,0.08377
2194.0,0.08349
2196.0,0.08318
2198.0,0.08299
2200.0,0.08265
2202.0,0.0823
2204.0,0.08211
2206.0,0.07966
2208.0,0.07966
2210.0,0.0808
2212.0,0.08105
2214.0,0.08072
2216.0,0.07994
2218.0,0.07970000000000001
2220.0,0.07997
2222.0,0.07962000000000001
2224.0,0.07926000000000001
2226.0,0.07811
2228.0,0.07826000000000001
2230.0,0.07831
2232.0,0.07815000000000001
2234.0,0.07801999999999999
2236.0,0.07758
2238.0,0.07648
2240.0,0.07639
2242.0,0.07642
2244.0,0.07623999999999999
2246.0,0.07612000000000001
2248.0,0.0752
2250.0,0.07540999999999999
2252.0,0.07512
2254.0,0.07402
2256.0,0.07422
2258.0,0.07440999999999999
2260.0,0.07421
2262.0,0.07299
2264.0,0.07329000000000001
2266.0,0.07315
2268.0,0.07327
2270.0,0.07297
2272.0,0.07277
2274.0,0.07252
2276.0,0.07239
2278.0,0.07242
2280.0,0.07165
2282.0,0.07007
2284.0,0.07125
2286.0,0.07124
2288.0,0.07127
2290.0,0.0711
2292.0,0.07067
2294.0,0.0692
2296.0,0.06908
2298.0,0.06919
2300.0,0.06953
2302.0,0.06955
2304.0,0.06931
2306.0,0.06923
2308.0,0.06901
2310.0,0.0687
2312.0,0.06867
2314.0,0.06826
2316.0,0.06779
2318.0,0.06745
2320.0,0.06768
2322.0,0.06675
2324.0,0.06536
2326.0,0.06559000000000001
2328.0,0.06629
2330.0,0.06616
2332.0,0.06584000000000001
2334.0,0.06570999999999999
2336.0,0.06536
2338.0,0.06495999999999999
2340.0,0.06520000000000001
2342.0,0.06539
2344.0,0.06509000000000001
2346.0,0.06486
2348.0,0.06472
2350.0,0.06453
2352.0,0.06289
2354.0,0.06239
2356.0,0.06282
2358.0,0.06266
2360.0,0.06308
2362.0,0.06305
2364.0,0.06295
2366.0,0.06284000000000001
2368.0,0.06263
2370.0,0.06211
2372.0,0.06207
2374.0,0.06066
2376.0,0.06164
2378.0,0.06192
2380.0,0.06172
2382.0,0.06098
2384.0,0.05885
2386.0,0.05908
2388.0,0.060039999999999996
2390.0,0.060289999999999996
2392.0,0.06008
2394.0,0.06003
2396.0,0.05996
2398.0,0.05989
2400.0,0.05944
2402.0,0.05965
2404.0,0.05945
2406.0,0.05919
2408.0,0.05915
2410.0,0.05902
2412.0,0.05894
2414.0,0.05734
2416.0,0.055990000000000005
2418.0,0.057479999999999996
2420.0,0.0577
2422.0,0.05767
2424.0,0.05726
2426.0,0.05717
2428.0,0.05712
2430.0,0.05712
2432.0,0.05702
2434.0,0.056409999999999995
2436.0,0.05618
2438.0,0.055990000000000005
2440.0,0.05639
2442.0,0.056170000000000005
2444.0,0.05603
2446.0,0.054979999999999994
2448.0,0.05457
2450.0,0.054619999999999995
2452.0,0.05432
2454.0,0.054549999999999994
2456.0,0.053700000000000005
2458.0,0.05392
2460.0,0.05457
2462.0,0.05442
2464.0,0.05435
2466.0,0.054049999999999994
2468.0,0.053899999999999997
2470.0,0.05285
2472.0,0.0533
2474.0,0.053130000000000004
2476.0,0.05343
2478.0,0.05303
2480.0,0.051770000000000004
2482.0,0.0514
2484.0,0.05219
2486.0,0.0516
2488.0,0.05169
2490.0,0.05225
2492.0,0.05198
2494.0,0.05175
2496.0,0.05152
2498.0,0.05154
2500.0,0.05155
